model,metric_type,score
t5,accuracy,0.8904494382022472
t5,f1,0.7936507936507936
t5,precision,0.8241758241758241
t5,recall,0.7653061224489796
